idDocumento,nombreD,fechaD,versionD,urlD,idProyecto
1,Documento Inicial,2025-05-10,v1.0,https://example.com/doc1.pdf,1
2,Requisitos,2025-05-15,v1.1,https://example.com/doc2.pdf,1
3,Diseño,2025-05-20,v2.0,https://example.com/doc3.pdf,2
4,Manual de Usuario,2025-06-01,v1.0,https://example.com/doc4.pdf,2
5,Planificación,2025-06-05,v0.9,https://example.com/doc5.pdf,3
6,Informe Parcial,2025-06-15,v1.2,https://example.com/doc6.pdf,4
7,Plan de Pruebas,2025-06-20,v1.0,https://example.com/doc7.pdf,4
8,Resumen Ejecutivo,2025-06-25,v1.0,https://example.com/doc8.pdf,5
