idNotificacion,fechaN,contenidoN,tipoN,idUsuario
1,2025-06-01,Entrega de avance del proyecto,Recordatorio,1
2,2025-06-01,Reunión con el docente,Aviso,2
3,2025-06-02,Cambio de fecha de entrega,Alerta,3
4,2025-06-02,Nueva rúbrica de evaluación,Informativo,4
5,2025-06-03,Revisión de tareas,Aviso,5
6,2025-06-03,Entrega final próxima,Recordatorio,6
7,2025-06-04,Revisión de proyecto,Sistema,7
8,2025-06-04,Evaluaciones disponibles,Sistema,8
9,2025-06-05,Actualización de plataforma,Aviso,9
10,2025-06-05,Recordatorio de tutoría,Recordatorio,10
