idProyecto,nombreP,descripcionP,estadoP,fecha_inicioP,fecha_finP,idDocente
1,App Gestión Tareas,Sistema para administrar tareas estudiantiles,En desarrollo,2025-05-01,2025-08-01,7
2,Sistema Académico,Módulo de notas y materias,Completado,2025-04-15,2025-07-15,8
3,Plataforma de Cursos,Sistema de e-learning,Pendiente,2025-05-10,2025-09-01,9
4,Control de Inventario,App para gestión de inventario,En desarrollo,2025-06-01,2025-09-30,10
5,Gestión de Biblioteca,Sistema de préstamos y catálogos,Planeado,2025-06-10,2025-09-10,7
